filename,hash_code
1.json,efe688db9db41de47236e853b978c7ed7706011c
2.json,963e7fefa62fe7c9a92575cedd5120da1ed3f752
3.json,263f14d53e5e1f263b364e31b02afc9de1aef4ec
4.json,68786c9ad6c413c78515a10bc2c42e2ce517a6c4
5.json,64ba250bfe1dda0982bceeded98a0b6415ee5223
6.json,b041b6c1b0aa39f7d065ddc4ca1581dcc1f3873f
7.json,63bbaeb05d5dfc962c601f2030216c00efb02566
8.json,69dd551a259e9ba71d79c347a21acb9fd2b0bce8
9.json,9d4337013e06471664e516d0ad931f326a9ceeb8
10.json,daa733df3a2a85b601f4cd576c3a6450cbfe1afd
11.json,ba0a5623e9d83eb071119e2a5535c28a0b5a2942
12.json,8155cfff6eff997127785cc7062ac8f20574c3ff
13.json,d464b6a48593508116dfb184ecde48fe3fd6c2a4
14.json,4de52ccd3cd6f858af462fa301148ca34767b46e
15.json,ced863dec49eda5b1972e7234c2096164730b436
16.json,5b439ee77a2ba11d18ba3c97429e6d35695881a5
17.json,b1aba198d6e2892737a6a59f2a973d8699b55996
18.json,380c6d86a091a15c611a4fb9ccdf66b4ee4e4fa9
19.json,93008a39c4d1bfca62d8679726db45cf447b30d1
20.json,3c7dd1bd70d7a7e0bcdc1abfff07dfd44a79799c
21.json,ac3a58cf9947ef7825d10f212d1a57083793feba
22.json,1e7951ecb3375c45638d1dadd3cc937f421360c4
23.json,79a2bc9059a042018a55cda2daf9eaa38d474c91
24.json,7fffa1c091b10d9ca46bda16ef442c6d2d0f3b60
25.json,cafdd9c7ed777da832e3ac6cb949feab0aab90c4
26.json,1e5079b1029eecb3c1a7540d081518ac9464a7ee
27.json,9a7270285668b6ca5591d05ed2522054f06780f4
28.json,6fd1d551308bdf933692b3c1842edf70dc9c16cb
29.json,ca9e6417460283d7440e28fdfcf8a7483ebfd661
30.json,008e9698c34ee207200e91a811159eb0564593ce
31.json,3aa48f29d35a0d44838e30cffa27ea1e1ae07920
32.json,a002d17ad06f3688023cc6864ce3426cbde5a84d
33.json,81a51bc2d59d4795a4ce3429a249cb7d0cdba354
34.json,20a1bfed06b1f861bf784c442f66d696cfbee3f6
35.json,4d2af1dd42e33ecc37377afdb1b66bf1eb4cf186
36.json,052cb6967528bbc5fc26e18919409eadf964c1c6
37.json,345e329efffaaeaccff5d0237dd5fe8a6a72058b
38.json,89270642a2e1aed59ba2331afbefb6e8c5cac720
39.json,bec89331ef5e19653c8a8a867756891271a75dc4
40.json,21120f6d41601e411116b6ba07e7f6ad2be36f85
41.json,f0ef1f4f0fa814bee94323f90685fb4e1668b05e
42.json,1aeda631734b005651a9c387df314ac0a27d728c
43.json,6171d5850bc87cfd9d1bb016954903911493d0dc
44.json,c47324a8478f3a6471f6be3b2b42ce76ba330aec
45.json,c79e630204a7fe5e8077a55cc90edd52fd103dac
46.json,b3227a048d476720a742e0da96e2d888c11ba94c
47.json,56e581798c4a528cc615b91fc16e3ef872b1f08d
48.json,161ecc4c4b022b1ef791459fb1d35d9c93f789c5
49.json,bfcceb92069259e2d8b6ac00e655d3b238fb713a
50.json,374086b2120b3041cde1bbb16dacddd20d899680
51.json,83be0ff94a3b10ebaa0f26f61ebfaaa3c2eaca50
52.json,7b809f4fb62da4cbe8c831501de162aadb3910d4
53.json,291d727c00547094d9f5e068c9adfb5158a43dc9
54.json,f9ed6ea0b43c3950d32c6f33ce4bdab7523d14b0
55.json,5bd4f6bbedb3cb505ffa8fd30770108319ae7d76
56.json,cc297a8f2177f7e949701a57f10e844b93a77038
57.json,852ded75f2be56dc367e3b0b9f8351a6bf8f5c39
58.json,ad19e4aaae7d99eadd255967aba2cb4175471d94
59.json,ba0b936850ab3c306594308f94e23fefff6c76c1
60.json,a1a954551a29ae8a4ee69c528d0771bee9d79599
61.json,6eb77029c01b7cdb79d9e4ede9572c0b3c852a43
62.json,3e773a818b827c272549120d8bdcf6f52ce0785d
63.json,77ca5b62b6021465d82b1cfeb4d8be3277afb50b
64.json,6681b96f09361041834964d5b80581d7d7333063
65.json,e6d02bb162fc858f51164830e7256bd8ec49e33e
66.json,3936af421a11e07bd1d5f8792bfe3de0db8d5ae3
67.json,33f41c9b9c02ab703b9d98c001925e7196da0c80
68.json,ebc0251eda0c5672d03f4ec6ac5d382b90054fa2
69.json,e51fc6258424d3153233129f106105888db22d4b
70.json,1461b14e47cee822d4ffc324c7a2cc010efe7c77
71.json,4938aec47b2d503fc4f375acd97bdf131506a7d1
72.json,724425a91c68fb08ff40a8b03e641e77ecc07c7d
73.json,46f99d1d740a21b04642da133313ce208f5965b1
74.json,a0dabb55bb8a9f1c2298bacd5c2230820371dd3e
75.json,04e51568a1e862afb48d1b30ceaa494ce10fe2c3
76.json,e71f076bcf2218c31b85be310c115bd21de53cae
77.json,e7bedb66d9984a4394f05754540389af65d721ab
78.json,3ef6f4ec8b3e8a8591c3266aa656e55631923f64
79.json,8ed4478451b1e7a053a9c56686bcfc5ade5bc124
80.json,2070f99f9b3dc495d2b008e6fa03500ec94c1e5a
81.json,b2de8a27ddf57416c7f5d10329b8d3e6bbf8177a
82.json,42f0b01d83e4ace625fa53ec022d79136d72bee9
83.json,2203d6e8a330e177006c6bb2bdef643ace2946c1
84.json,59b7c267cf5e30af0dcd50f876ad11c954b75a6d
85.json,5ec4fc48aec9836ad9664ad8d94ceffc20f95aa4
86.json,f1122dced5db47bea38a325265b7472499a3207f
87.json,6ef360fc8f7066ce75212c40ebe9e3b6d0e86ac6
88.json,c132b076685c520b7c940c79970299781397620e
89.json,6fd8fbe29d1eaf1e252c104ea9b12dad38e146a9
90.json,9c282b86ae0191e2510c2f1dbfed6823e199747d
91.json,7eb8e7170e4b666aa302dbcb280128259911ac57
92.json,f826a4cff441acc1d7d9b5243840935612f710c4
93.json,5da3bb8218aa624c6dc8391e1ba86bdd8e47be58
94.json,7006d2b39db72fdc42b5b940207b53c94a33b034
95.json,bdcc5fdf25c6d9eaf943cf1cc8d3116b8d54324d
96.json,27ef8869549ea861378d8495275e2420a0efef79
97.json,18b4d6e6c3e5ef1909af578493fd4cdfd469af68
98.json,3868d191a64d0bc9147ab596d5575781a9850cf5
99.json,023808fc39044075b8f15a46ce26274fabed5109
100.json,a860e632942efd7a1dc8ce838f956598676e6f57
101.json,2a82c664befe027745924c5aef5f896a4dba20de
102.json,4b3d579ec7064d45226b27eeaaf42ae405ad7b89
103.json,5c540e85be1ff8c8b3b0a9c09ce9bd5fbf74be9f
104.json,343b988084c0e40e093a633e5e723d7179e7ab42
105.json,2113c7294cbe18ccdd002117842eaa4afe5bca12
106.json,9b79055cdfd1d3795a1934a5712d50d3e302fc00
107.json,9b79055cdfd1d3795a1934a5712d50d3e302fc00
